Response ID,Date submitted,Last page,Start language,Seed,"On average, how much time do you spend playing video games each week?  [Select one option]",What types of courses have you taken at McMaster this current school year? [Select one option],"During the current school year, how often would you say you have done the following? [Combined ideas from different courses when completing assignments]","During the current school year, how often would you say you have done the following? [Connected your learning to societal problems or health-related issues]","During the current school year, how often would you say you have done the following? [Learned something that changed the way you understand an issue or concept]","During the current school year, how often would you say you have done the following? [Connected ideas from your courses to your prior experiences and knowledge]","During the current school year, how much would you say your coursework has emphasized the following? [Memorizing course material]","During the current school year, how much would you say your coursework has emphasized the following? [Applying facts, theories, or methods to practical problems or new situations]","During the current school year, how much would you say your coursework has emphasized the following? [Analyzing an idea, experience, or line of reasoning in depth by examining its parts]","During the current school year, how much would you say your coursework has emphasized the following? [Forming a new idea or understanding from various pieces of information]","If game-based learning approaches were incorporated into one of your science courses, how do you think that this mode of learning can help with the following? [Combine ideas from different courses when completing assignments]","If game-based learning approaches were incorporated into one of your science courses, how do you think that this mode of learning can help with the following? [Connecting learning to societal problems or health-related issues]","If game-based learning approaches were incorporated into one of your science courses, how do you think that this mode of learning can help with the following? [Learn something that changes the way you understand an issue or concept]","If game-based learning approaches were incorporated into one of your science courses, how do you think that this mode of learning can help with the following? [Connect ideas from your courses to your prior experiences and knowledge]","If BIO1A03 added a game-based learning component, how much would this improve your motivation to do the following? [Memorizing course material]","If BIO1A03 added a game-based learning component, how much would this improve your motivation to do the following? [Applying facts, theories, or methods to practical problems or new situations]","If BIO1A03 added a game-based learning component, how much would this improve your motivation to do the following? [Analyzing an idea, experience, or line of reasoning in depth by examining its parts]","If BIO1A03 added a game-based learning component, how much would this improve your motivation to do the following? [Forming a new idea or understanding from various pieces of information]","How likely is it that you would play the video game Cells at War on your own time, outside of class to further consolidate material taught during this class? [Select one option]","How prepared would you feel if you were given a quiz on Pompe Disease based on the Cells at War game, compared to studying off traditional lecture slides (with accompanying readings)? [Select one option]","Going forward, would you like to see more game-based learning approaches being utilized in the classroom as an alternative to conventional teaching methods (ex. traditional lectures), especially as it applies to applications in the real world? Explain briefly.","How intuitive were the camera controls? (1 being least intuitive, 5 being most intuitive)","How intuitive were the game play elements (aiming, shooting, glucose, post-care)? (1 being least intuitive, 5 being most intuitive)","From a learning perspective, how accessible does the game feel for you? Can you suggest any improvements that would make the game more accessible for all types of learners? (1 being not accessible and 5 being very accessible)","From a learning perspective, how accessible does the game feel for you? Can you suggest any improvements that would make the game more accessible for all types of learners? (1 being not accessible and 5 being very accessible) [Comment]",Please report any major bugs in the game if applicable
14,1980-01-01 00:00:00,1,en,569275903,Some (between 3-10 hours per week),Mostly hybrid or blended courses that combine in-person and remote instruction,Sometimes,Often,Often,Often,Quite a bit,Very much,Very much,Very much,Quite a bit,Quite a bit,Quite a bit,Quite a bit,Some,Quite a bit,Quite a bit,Quite a bit,Somewhat Likely,Somewhat Prepared,"Yes I believe game base learning would allow students to better apply their knowledge, especially games that requires strategy and background knowledge of the subject.",3,3,4,,"- when clicking through the animation clips before the game starts, it showed a black screen between clips
- i believe incorporating a space bar feature to click through the clips would be more effective for the user 
- the clips seemed to be lower quality (more pixelated than the game) 
- it would be nice if the animation of the clip didnt stop at a certain point and continued until the user clicks to the next scene (animation flows better)"
15,1980-01-01 00:00:00,1,en,755742554,I don't play video games,A balanced mix of the above course types,Sometimes,Sometimes,Often,Very often,Quite a bit,Quite a bit,Some,Quite a bit,Some,Quite a bit,Very much,Very much,Very much,Very much,Very much,Very much,Somewhat Likely,Very prepared,Yes I would like to see more game-based learning as it is a fun way to memorize content. Learning content through application and visualization is a great way to understand material.,5,5,5,,
16,1980-01-01 00:00:00,1,en,515760679,I don't play video games,A balanced mix of the above course types,Very often,Often,Very often,Very often,Very much,Very much,Very much,Very much,Very much,Very much,Very much,Very much,Very much,Very much,Very much,Very much,Very Likely,Somewhat Prepared,"I would like to see more game-based learning approaches, but perhaps combined with conventional teaching methods, so that there's more of a balance. That way, classes can be more fun and engaging but I feel that more content can be taught with conventional methods. So, I think a balance of the two would be ideal!",5,4,4,It was really accessible for me. Everything in the game was easy to use and explained well.,None that I could tell.
17,1980-01-01 00:00:00,1,en,1220720917,Some (between 3-10 hours per week),A balanced mix of the above course types,Sometimes,Sometimes,Sometimes,Sometimes,Quite a bit,Quite a bit,Quite a bit,Some,Very little,Some,Some,Quite a bit,Quite a bit,Some,Quite a bit,Quite a bit,Somewhat Likely,Somewhat Prepared,"I think so. Being blunt, the university grind sucks and it's hard to find the motivation to keep pushing through lecture after lecture after lecture. Having something fun like this that breaks up the monotony I think is a great way to alleviate a little bit of that university burn out and revitalize some of that motivation to do the work. For me especially, I think this could be a helpful study tool because I am very easily distracted by anything even marginally more interesting than staring at a textbook, so having something more engaging to study with would be really beneficial.",4,4,4,"I'm not the best person to assess accessibility, but generally the game didn't feel terribly difficult. It does require some degree of motor skill, but any game will. I think it's probably pretty good all things considered, but again, I'm not a good person to assess this.","No bugs I think, there were just a few times when I feel like I hit a bond but it didn't break."
18,1980-01-01 00:00:00,1,en,1298610477,,,,,,,,,,,,,,,,,,,,,"yes, it would let me have more motivation for class.",3,4,3,,
19,1980-01-01 00:00:00,1,en,411927766,I don't play video games,Mostly hybrid or blended courses that combine in-person and remote instruction,Very often,Sometimes,Often,Often,Quite a bit,Very much,Quite a bit,Quite a bit,Some,Quite a bit,Some,Some,Very little,Some,Some,Quite a bit,Somewhat Likely,Not prepared at all,I think it would be helpful and motivational to have some game based learning but only as a small part of the unit. It's helpful visually but can get distaracting with the game more than learning the actual information.,3,4,5,,
20,1980-01-01 00:00:00,1,en,495131867,I don't play video games,Mostly hybrid or blended courses that combine in-person and remote instruction,Sometimes,Often,Very often,Often,Very much,Some,Very much,Some,Some,Very much,Very much,Very much,Quite a bit,Quite a bit,Very much,Some,Somewhat Likely,Somewhat Prepared,Yes I think it better helps me recall information when material is associated with a fun experience that is engaging.,4,4,4,Maybe making the levels available before passing each one so people can go back and see the info without having to play the game.,None experienced
21,1980-01-01 00:00:00,1,en,395288761,I don't play video games,Mostly hybrid or blended courses that combine in-person and remote instruction,Sometimes,Sometimes,Often,Often,Very much,Quite a bit,Quite a bit,Some,Some,Quite a bit,Quite a bit,Some,Quite a bit,Very much,Very much,Quite a bit,Somewhat Likely,Very prepared,"I like the game based learning and I like how it has the artboard section that gives a definition and textually shows the information that was shown. It makes it more motivating to play the game and then actually review the content afterwards. Its almost like multiple ways of information reinforcement that many people, myself included, can benefit from",4,4,5,I think it was very accessible. Maybe add a voice over option,Didnt find any!
22,1980-01-01 00:00:00,1,en,956741101,I don't play video games,Mostly hybrid or blended courses that combine in-person and remote instruction,Often,Sometimes,Sometimes,Very often,Some,Quite a bit,Very much,Very much,Some,Quite a bit,Some,Some,Quite a bit,Quite a bit,Some,Some,Somewhat Likely,Somewhat Prepared,"I think a combination of game-based learning and lectures would be great. That way, it would accommodate to the learning styles of various students, being more effective overall.",3,3,3,"Not quite sure if this would be possible, but maybe if it could be introduced to iPads or mobile phones. That would increase it's accessibility.",
23,1980-01-01 00:00:00,1,en,501159384,I don't play video games,Mostly in-person courses,Often,Sometimes,Often,Often,Very much,Quite a bit,Quite a bit,Quite a bit,Quite a bit,Quite a bit,Very much,Quite a bit,Very much,Quite a bit,Quite a bit,Quite a bit,Very Likely,Somewhat Prepared,I think it is a really cool way to keep students engaged and motivated to learn the content so I think it would be beneficial.,3,4,5,I think it is very accessible being posted on avenue for students.,When accessing the link before you make the game full screen half of the game is cut off by the screen
24,1980-01-01 00:00:00,1,en,156778737,Very little (less than 3 hours a week),,Sometimes,Sometimes,Often,Often,Very much,Quite a bit,Quite a bit,Some,Quite a bit,Quite a bit,Quite a bit,Quite a bit,Quite a bit,Quite a bit,Quite a bit,Quite a bit,Somewhat Likely,Very prepared,yes. they make learning more fun and its helpful for visualizing everything,4,4,4,the game was so fun love it,n/a
25,1980-01-01 00:00:00,1,en,1441979126,Very little (less than 3 hours a week),"Mostly remote courses (online, web-based, Zoom, etc)",Sometimes,Often,Often,Often,Very much,Quite a bit,Quite a bit,Quite a bit,Quite a bit,Very much,Very much,Some,Quite a bit,Some,Quite a bit,Quite a bit,Somewhat Likely,Not very prepared,"Sure. The challenges of remote learning were overwhelming at times, anything to change up the monotony would be huge for engagement.",3,4,4,"Once you got the controls down, it felt very intuitive.",
26,1980-01-01 00:00:00,1,en,802987272,I don't play video games,Mostly in-person courses,Sometimes,Sometimes,Very often,Very often,Very much,Quite a bit,Quite a bit,Quite a bit,Quite a bit,Quite a bit,Quite a bit,Quite a bit,Some,Some,Some,Some,Somewhat Likely,Not very prepared,"Maybe. It depends on the execution of the game- I like being able to visualize the scenario and so if the game allows that, it would allow for better learning.",5,4,4,,
27,1980-01-01 00:00:00,1,en,364530032,I don't play video games,Mostly hybrid or blended courses that combine in-person and remote instruction,Sometimes,Sometimes,Sometimes,Often,Quite a bit,Quite a bit,Quite a bit,Quite a bit,Quite a bit,Quite a bit,Quite a bit,Quite a bit,Very much,Very much,Quite a bit,Very much,,Not very prepared,I would like to see more game-based learning but not as an alternative to conventional teaching methods as traditional lectures are my first preference,4,3,4,N/A,N/A
28,1980-01-01 00:00:00,1,en,1120843996,Some (between 3-10 hours per week),Mostly hybrid or blended courses that combine in-person and remote instruction,Often,Often,Often,Often,Very much,Quite a bit,Quite a bit,Quite a bit,Quite a bit,Quite a bit,Quite a bit,Quite a bit,Quite a bit,Quite a bit,Quite a bit,Quite a bit,Somewhat Likely,Somewhat Prepared,"Yes, it allows for a balanced mix of methods so that we stay engaged in the content, and it might be easier to remember the content in this way",4,4,4,Moving the cell around was a little awkward,
29,1980-01-01 00:00:00,1,en,553124352,I don't play video games,Mostly in-person courses,Very often,Very often,Very often,Very often,Quite a bit,Very much,Very much,Quite a bit,Very much,Very much,Very much,Quite a bit,Very much,Very much,Very much,Very much,Somewhat Likely,Very prepared,"I think incorporating game-based learning would be beneficial. This is because as most people are already interested and used to playing video games, it would be an easy reinforcement of understanding material in a shorter period of time. In addition, hands on activities may be easier to understand concepts.",,,5,To allow it to be accessible on different browsers.,
30,1980-01-01 00:00:00,1,en,425104946,I don't play video games,A balanced mix of the above course types,Sometimes,Sometimes,Often,Often,Very much,Quite a bit,Quite a bit,Quite a bit,Quite a bit,Very much,Very much,Quite a bit,Quite a bit,Quite a bit,Quite a bit,Quite a bit,Very Likely,Very prepared,"I would definitely like to see more game-based learning approaches because I am a visual learner, so having a game that I can work through would help me understand the material better. Also its different from watching a video because you are actively engaged with the material.",3,4,,,
31,1980-01-01 00:00:00,1,en,1475743373,Very little (less than 3 hours a week),A balanced mix of the above course types,Often,Sometimes,Very often,Often,Some,Quite a bit,Quite a bit,Quite a bit,Quite a bit,Very much,Very much,Very much,Some,Very much,Very much,Very much,Somewhat Likely,Very prepared,"Yes, as a visual learner it is very helpful",5,3,5,Please let us know somewhere that it plays music before we start the game,N/A
32,1980-01-01 00:00:00,1,en,597762207,Very little (less than 3 hours a week),Mostly hybrid or blended courses that combine in-person and remote instruction,Sometimes,Often,Often,Very often,Very much,Quite a bit,Some,Some,Quite a bit,Very much,Very much,Quite a bit,Quite a bit,Very much,Very much,Quite a bit,Somewhat Likely,Somewhat Prepared,"Yes I would, I think its a good way to engage people in the content and make it more enjoyable to learn, plus you can see what you're learning in application so students can understand it more and probably do better because of it.",3,3,4,,
33,1980-01-01 00:00:00,1,en,1313699881,I don't play video games,Mostly in-person courses,Sometimes,Often,Very often,Very often,Very much,Quite a bit,Some,Some,Very much,Quite a bit,Quite a bit,Quite a bit,Quite a bit,Some,Quite a bit,Quite a bit,Very Likely,Not very prepared,I think traditional lectures should stay the way they are due to the amount of information provided. But I do think this would make applied lectures a lot better.,4,4,4,very accessible.,none.
34,1980-01-01 00:00:00,1,en,41692900,I don't play video games,A balanced mix of the above course types,Sometimes,Never,Sometimes,Sometimes,Very much,Quite a bit,Some,Some,Very little,Very little,Some,Very little,Very little,Very little,Very little,Very little,Not Likely at All,Not prepared at all,"No, I find games can lead to a lot of frustration, especially if you are unable to complete a level and move on. They can also lead to wasted time as I repeatedly attempt to pass a level without success. Also I prefer learning from live people.",4,2,2,Make it so that students can progress on to higher levels and access associated content even if they are unsuccessful at passing a given level.,
35,1980-01-01 00:00:00,1,en,1808168609,Some (between 3-10 hours per week),"Mostly remote courses (online, web-based, Zoom, etc)",Often,Sometimes,Often,Often,Some,Quite a bit,Quite a bit,Some,Some,Quite a bit,Very much,Very much,Very much,Very much,Quite a bit,Quite a bit,Very Likely,Somewhat Prepared,"I would like to see more game-based approaches, I believe a brief summary of the lesson then followed by the application of the knowledge would be the most effective.",4,5,5,The game is very accessible and makes learning easier; the controls (aiming) was sometimes difficult,N/A
36,1980-01-01 00:00:00,1,en,1682252533,Very little (less than 3 hours a week),Mostly hybrid or blended courses that combine in-person and remote instruction,Often,Often,Often,Often,Very much,Quite a bit,Quite a bit,Quite a bit,Quite a bit,Quite a bit,Very much,Quite a bit,Very much,Very much,Very much,Quite a bit,Not Very Likely,Somewhat Prepared,yes because it would greatly help to understand concepts to see them work in real-time and it would also help to make learning more fun.,4,3,4,"possibly provide an in-game tutorial on the control showing how to click and drag enzymes, etc.",
37,1980-01-01 00:00:00,1,en,2048039518,Very little (less than 3 hours a week),Mostly hybrid or blended courses that combine in-person and remote instruction,Sometimes,Sometimes,Often,Sometimes,Very much,Quite a bit,Some,Very little,Quite a bit,Some,Very much,Some,Quite a bit,Quite a bit,Quite a bit,Some,Somewhat Likely,Somewhat Prepared,"Yes, it's a creative way to help visualize a function of a cell, without just being told how it works.",4,3,4,,
38,1980-01-01 00:00:00,1,en,1851078577,I don't play video games,Mostly hybrid or blended courses that combine in-person and remote instruction,Sometimes,Sometimes,Very often,Very often,Quite a bit,Some,Quite a bit,Very little,Very much,Quite a bit,Very much,Very much,Very little,Very much,Very much,Very much,Somewhat Likely,Very prepared,Definitely. I am a visual learner so this would be more helpful and easier to remember.,5,5,4,"Before the game was explained by Dr da Silva, I wasn't really sure what each molecule was. Maybe it would be more useful at the start of the game to label each molecule so that it sticks better.

Also, since I am a visual learner, maybe make the design for other diseases very different so that I don't mix the images of diseases up in my head when trying to recall them in my head.",
39,1980-01-01 00:00:00,1,en,1665409893,I don't play video games,Mostly hybrid or blended courses that combine in-person and remote instruction,Sometimes,Often,Very often,Often,Very much,Very much,Some,Some,Some,Very much,Very much,Very much,Very much,Very much,Very much,Very much,Very Likely,Somewhat Prepared,"Yes, I would like to see more game-based learning for applications in the real world. I think this would help students better understand the disease by actually interacting and learning from the game.",4,4,5,,Hard on mouse pad
40,1980-01-01 00:00:00,1,en,1191613063,I don't play video games,A balanced mix of the above course types,Sometimes,Often,Often,Often,Very much,Very much,Very much,Very much,Quite a bit,Quite a bit,Quite a bit,Quite a bit,Quite a bit,Some,Quite a bit,Quite a bit,Not Very Likely,Somewhat Prepared,"I really like how this game was used as an activity that the class could bond over and work alongside to complete. I really enjoyed the animations and the idea of the game as well, actually breaking the bonds was really helpful.",4,4,5,"- One thing I didn't like was that it took over 10 minutes for the game to load. As someone who may be on a limited time frame or have restricted access to technology, the loading aspect made it a less accessible.

I would also like to see a possible audio component for those who have difficulty reading. (if you need a voice over person LOL 😳)",- didn't find any !
41,1980-01-01 00:00:00,1,en,1842518408,Some (between 3-10 hours per week),"Mostly remote courses (online, web-based, Zoom, etc)",Sometimes,Sometimes,Very often,Often,Very much,Very much,Very much,Very much,Very much,Very much,Very much,Very much,Quite a bit,Very much,Very much,Very much,Not Very Likely,Somewhat Prepared,Yes. I found I understand the content a lot better when player in an interactive game.,4,4,5,,N/A
42,1980-01-01 00:00:00,1,en,261214470,Some (between 3-10 hours per week),Mostly hybrid or blended courses that combine in-person and remote instruction,Sometimes,Sometimes,Very often,Often,Very much,Very much,Quite a bit,Some,Some,Very much,Quite a bit,Very much,Very much,Very much,Some,Very much,Very Likely,Not very prepared,"This game makes it easy to understand the content- putting it in a more accessible format. I would like to see a PDF or some sort of straight information that accompanies the game, maybe given after completing each level? It would be helpful to have that accompanying information without having to search or wait for it. Overall, though, this idea is really great! It makes it easier to understand the content more quickly.",4,,5,It's easier to understand the content this way.,
43,,,en,2047598706,,,,,,,,,,,,,,,,,,,,,,,,,,
44,1980-01-01 00:00:00,1,en,1537193103,I don't play video games,Mostly hybrid or blended courses that combine in-person and remote instruction,Often,Very often,Very often,Very often,Quite a bit,Some,Very much,Some,Quite a bit,Quite a bit,Quite a bit,Quite a bit,Quite a bit,Very much,Very much,Quite a bit,Somewhat Likely,Not very prepared,,5,5,4,if we could go back and select level without rewatching the whole animation that will be great!,
45,1980-01-01 00:00:00,1,en,10475160,I don't play video games,A balanced mix of the above course types,Sometimes,Often,Sometimes,Often,Quite a bit,Some,Quite a bit,Very little,Very much,Some,Quite a bit,Some,Quite a bit,Very much,Quite a bit,Quite a bit,Not Very Likely,Somewhat Prepared,"Yes! I think the game was an effective way to learn and visually understand a concept. I didn't know much about Pompe Disease before this class, and through the game I feel I have a good understanding now.",3,4,5,,
46,1980-01-01 00:00:00,1,en,1991831686,Very little (less than 3 hours a week),A balanced mix of the above course types,Often,Sometimes,Often,Often,Very much,Quite a bit,Quite a bit,Some,Quite a bit,Some,Quite a bit,Quite a bit,Quite a bit,Quite a bit,Quite a bit,Quite a bit,Somewhat Likely,Somewhat Prepared,"I think game-based learning approaches in the classroom would be quite effective if they are created with an emphasis on course material. Then, I believe it will create a more accessible way of understanding course material. However, if it is unrelated to the course, then it may not teach the correct things.",4,3,4,It was a pretty accessible game. I come from a background of video games but I think the timer and buildup of glycogen might be overwhelming for someone who did not. I'm not sure how this could be improved.,No bugs
47,1980-01-01 00:00:00,1,en,1243263457,I don't play video games,A balanced mix of the above course types,Sometimes,Sometimes,Sometimes,Sometimes,Quite a bit,Quite a bit,Quite a bit,Quite a bit,Some,Quite a bit,Quite a bit,Quite a bit,Quite a bit,Quite a bit,Quite a bit,Quite a bit,Somewhat Likely,Somewhat Prepared,Yes. I thought that this game based learning was very engaging and took concepts learnt in class and applied them very well to real world situations.,5,5,5,,My screen froze once.
48,1980-01-01 00:00:00,1,en,743907285,I don't play video games,Mostly hybrid or blended courses that combine in-person and remote instruction,Often,Often,Often,Often,Quite a bit,Quite a bit,Quite a bit,Some,Some,Very much,Some,Quite a bit,Quite a bit,Quite a bit,Quite a bit,Quite a bit,Not Very Likely,Somewhat Prepared,I think that this is a similar idea to gizmos which I know my friends and I did in highschool.I think this would be a useful tool if it was like an at home study task. This would be a good extra resource but I do not love the idea of replacing the applied lectures as I really enjoy the applied lectures.,4,4,4,Voice overs,
49,1980-01-01 00:00:00,1,en,1155008618,Very little (less than 3 hours a week),Mostly hybrid or blended courses that combine in-person and remote instruction,Often,Very often,Often,Very often,Quite a bit,Quite a bit,Quite a bit,Quite a bit,Some,Very much,Quite a bit,Quite a bit,Quite a bit,Quite a bit,Some,Some,Very Likely,Somewhat Prepared,I would like to see this as it was very helpful in understanding exactly what was happening inside the cell and the effects of the disease. It also will be quite easy to remember the steps as the game was quite memorable.,5,4,5,It is easier to understand the content this way,
50,1980-01-01 00:00:00,1,en,1078519658,I don't play video games,Mostly in-person courses,Sometimes,Sometimes,Very often,Very often,Quite a bit,Very much,Some,Quite a bit,Very much,Very much,Very much,Very much,Very much,Very much,Very much,Very much,Somewhat Likely,Somewhat Prepared,"Yes! Teaching a disease through a video game is a unique approach compared to conventional teaching methods and it helped my understanding of the material, it was fun",5,4,5,"Selecting the enzyme to shoot it was tricky at times, there were many times where I had to double tap in order to select it",The cut scenes between levels froze a bit
51,1980-01-01 00:00:00,1,en,1352919048,Very little (less than 3 hours a week),Mostly in-person courses,Often,Very often,Often,Very often,Very much,Quite a bit,Quite a bit,Very much,Very much,Very much,Very much,Very much,Very much,Very much,Very much,Very much,Somewhat Likely,Somewhat Prepared,yes It motivates me to study or to learn in a new way,2,2,3,it does not work properly if it is not in full screen mode or if you are using a touchpad,I wish it was easier to control
52,1980-01-01 00:00:00,1,en,317730240,Very little (less than 3 hours a week),"Mostly remote courses (online, web-based, Zoom, etc)",Very often,Sometimes,Sometimes,Very often,Quite a bit,Quite a bit,Quite a bit,Some,Quite a bit,Some,Quite a bit,Very much,Very little,Quite a bit,Some,Very little,Not Likely at All,Not very prepared,"I would say that this is a good idea in theory, but learning the game is not as efficient as just looking over course material, although it can definitely help deepen our understanding. Outside of the applied lecture I would not play the game, since I wouldn't have the time and there are methods of learning the information that work better for me.",4,,3,,
53,1980-01-01 00:00:00,1,en,57932671,I don't play video games,Mostly hybrid or blended courses that combine in-person and remote instruction,Often,Often,Very often,Very often,Quite a bit,Very much,Very much,Very much,Very much,Very much,Very much,Quite a bit,Very much,Very much,Very much,Very much,Very Likely,Somewhat Prepared,"Yes, I would like to see more game-based learning approaches being utilized. This is because it is a more interactive and engaging method that also could be helpful for those who are more tactile learners.",4,3,5,,
54,1980-01-01 00:00:00,1,en,424486402,I don't play video games,Mostly in-person courses,Often,Sometimes,Often,Often,Quite a bit,Some,Quite a bit,Some,Quite a bit,Some,Quite a bit,Quite a bit,Quite a bit,Very much,Quite a bit,Quite a bit,Not Very Likely,Somewhat Prepared,"yes, it helps me understand the material better and visualize it.",,4,5,,The cut scenes was a bit too long.
55,1980-01-01 00:00:00,1,en,342512994,I don't play video games,Mostly in-person courses,Very often,Sometimes,Often,Often,Some,Very much,Very much,Very much,Very much,Some,Very much,Very much,Quite a bit,Quite a bit,Quite a bit,Quite a bit,Somewhat Likely,Somewhat Prepared,,,,5,,
56,1980-01-01 00:00:00,1,en,1594961509,I don't play video games,Mostly in-person courses,Never,Sometimes,Sometimes,Sometimes,Very much,Very much,Quite a bit,Quite a bit,Quite a bit,Some,Some,Some,Quite a bit,Quite a bit,Quite a bit,Quite a bit,Somewhat Likely,Not very prepared,"yes, I would like to see more game based learning i think it is a fun way to engage students.",4,4,4,I think that the game is really accessible and easy to get the hang of once you get used to playing.,
57,1980-01-01 00:00:00,1,en,1636279796,I don't play video games,A balanced mix of the above course types,Sometimes,Sometimes,Never,Often,Quite a bit,Quite a bit,Quite a bit,Some,Quite a bit,Quite a bit,Quite a bit,Quite a bit,Quite a bit,Quite a bit,Quite a bit,Quite a bit,Somewhat Likely,Somewhat Prepared,"Yes, I felt as it was a cool way to make me learn. I also liked the summarized material sections, thats quite helpful.",3,4,3,I am just not great at video games :),
58,1980-01-01 00:00:00,1,en,1671322365,Very much (greater than 20 hours per week),Mostly hybrid or blended courses that combine in-person and remote instruction,Often,Often,Often,Often,Very much,Some,Quite a bit,Some,Very much,Very much,Very much,Very much,Very much,Very much,Very much,Very much,,Very prepared,"I would definitely appreciate the inclusion of game based learning approaches , as an assistive tool for learning - not as a replacement of lectures. Perhaps the game session may be used to start each lecture, and ended with a review session for students to reflect and take some notes.",5,3,5,It's a game with low requirement which is very convenient.,No bugs faced. Would appreciate if the transition was not so laggy
60,1980-01-01 00:00:00,1,en,828645509,I don't play video games,A balanced mix of the above course types,Sometimes,Never,Often,Often,Quite a bit,Quite a bit,Quite a bit,Quite a bit,Very much,Very much,Very much,Quite a bit,Some,Quite a bit,Quite a bit,Quite a bit,Not Very Likely,Somewhat Prepared,"Yes, I would like to see more game-based learning in future courses. I found that compared to a traditional applied lecture its more interactive and you get a better understanding of the course materials and concepts.",3,3,3,It is quite sensitive while using a macbook,No major bugs!
61,1980-01-01 00:00:00,1,en,796892158,I don't play video games,A balanced mix of the above course types,Sometimes,Sometimes,Sometimes,Often,Very much,Quite a bit,Quite a bit,Some,Very much,Very much,Quite a bit,Very much,Quite a bit,Quite a bit,Very much,Quite a bit,Not Very Likely,Somewhat Prepared,Yes I think it is much more engaging.,5,5,5,,laggy sometimes
62,1980-01-01 00:00:00,1,en,1692863091,Some (between 3-10 hours per week),Mostly in-person courses,Often,Often,Very often,Very often,Very much,Very much,Very much,Very much,Quite a bit,Quite a bit,Quite a bit,Quite a bit,Very much,Very much,Very much,Very much,Somewhat Likely,Somewhat Prepared,"If a game were used to help us understand concepts in class, it would most definitely help us understand, as it would force us to look at the important components and take a hands-on approach as to what we should be focusing on, and how disease makes that important function harder.",3,3,3,,
63,1980-01-01 00:00:00,1,en,149346876,I don't play video games,Mostly hybrid or blended courses that combine in-person and remote instruction,Often,Often,Often,Often,Very much,Quite a bit,Quite a bit,Quite a bit,Very much,Quite a bit,Quite a bit,Quite a bit,Very much,Quite a bit,Quite a bit,Quite a bit,Very Likely,Very prepared,"Yes!! I personally learn better when I have to DO something like a game to learn. It makes me WANT to learn, it makes learning fun, and I remember the concepts better. It reinforces the learning, rather than passively listening or reading a textbook.",5,5,5,It was kind of frustrating that you had to click on the green dots before you could shoot them.,
64,1980-01-01 00:00:00,1,en,71811005,I don't play video games,Mostly in-person courses,Sometimes,Often,Never,Sometimes,Very much,Very much,Very much,Very much,Some,Some,Some,Some,Some,Some,Some,Some,Not Likely at All,Not very prepared,No I would not since it mostly frustrates students and takes a lot of time with not much review.,3,3,1,Perhaps include less sensitive controls.,
65,1980-01-01 00:00:00,1,en,2147347996,I don't play video games,A balanced mix of the above course types,Often,Sometimes,Sometimes,Often,Quite a bit,Some,Some,Some,Quite a bit,Quite a bit,Some,Quite a bit,Quite a bit,Quite a bit,Quite a bit,Quite a bit,Not Very Likely,Somewhat Prepared,"yes, game-based learning makes the content easier to understand and helps me remember concepts easier",4,4,3,,
66,,,en,924190872,,,,,,,,,,,,,,,,,,,,,,,,,,
67,,,en,915128299,,,,,,,,,,,,,,,,,,,,,,,,,,
68,1980-01-01 00:00:00,1,en,842473731,Very little (less than 3 hours a week),Mostly hybrid or blended courses that combine in-person and remote instruction,Often,Often,Often,Often,Very much,Quite a bit,Quite a bit,Quite a bit,Quite a bit,Quite a bit,Quite a bit,Quite a bit,Very much,Quite a bit,Quite a bit,Quite a bit,Somewhat Likely,Somewhat Prepared,"Yes, I would like to see some more game-based learning approaches in the classroom because it keeps me engaged with my learning.",,5,5,,
69,1980-01-01 00:00:00,1,en,156381345,Very little (less than 3 hours a week),Mostly in-person courses,Often,Sometimes,Often,Often,Quite a bit,Very little,Quite a bit,Very little,Some,Very much,Very much,Very little,Some,Very much,Very much,Quite a bit,Somewhat Likely,Very prepared,"Yes, I liked how memorable the content was presented as well as the cutscenes. I als",3,5,3,have you considered colours for red-gree colour blindness?,
70,,,en,1501902681,,,,,,,,,,,,,,,,,,,,,,,,,,
71,,,en,963941436,,,,,,,,,,,,,,,,,,,,,,,,,,
72,,,en,88529106,,,,,,,,,,,,,,,,,,,,,,,,,,
84,1980-01-01 00:00:00,1,en,2067711105,Quite a bit (between 10-20 hours per week),Mostly hybrid or blended courses that combine in-person and remote instruction,Often,Often,Very often,Often,Very much,Some,Quite a bit,Quite a bit,Very much,Very much,Very much,Very much,Very much,Very much,Very much,Very much,Very Likely,Very prepared,I would love to see more games! It really helps me to understand how the content can actually be applicable and how it actually functions. Its much easier to comprehend than simply reading over a textbook. Being interactive you can physically see how it affects the body.,3,4,3,"If anything, having an option to be able to fix the camera in a specific location so I do not move the camera while playing",N/A
85,1980-01-01 00:00:00,1,en,700830870,Some (between 3-10 hours per week),Mostly in-person courses,Often,Sometimes,Very often,Very often,Very much,Quite a bit,Some,Very little,Some,Quite a bit,Very much,Very much,Very much,Very much,Very much,Quite a bit,Very Likely,Somewhat Prepared,"Going forward, I think that this would be a great idea! However, I do think it would be useful to emphasize what parts of the video game we would need to know for the tests or long-term just because there are so many terms in the video game!",4,5,5,,It did just bug slightly at the end of the video playing before the second level.
86,1980-01-01 00:00:00,1,en,1174689967,Very little (less than 3 hours a week),Mostly in-person courses,Sometimes,Never,Often,Sometimes,Some,Very little,Very little,Very little,Some,Some,Some,Very little,Very little,Some,Some,Some,Not Very Likely,Somewhat Prepared,"yes, was a fun interactive way to learn",4,4,5,,
87,1980-01-01 00:00:00,1,en,1287988438,,Mostly in-person courses,Often,Sometimes,Often,Very often,Very much,Quite a bit,Quite a bit,Very little,Some,Quite a bit,Very much,Some,Quite a bit,Quite a bit,Quite a bit,Quite a bit,Somewhat Likely,Somewhat Prepared,"Yes, it is a very interactive way to learn. However, I would still like some slides at the end (like today), explaining the things and summarizing them at the end since it's easier to reinforce. The game can be the primary mode of teaching.",4,4,4,,Did not see any bugs. AMAZING GAME!!!
88,1980-01-01 00:00:00,1,en,1019858117,Some (between 3-10 hours per week),Mostly in-person courses,Often,Often,Often,Often,Very much,Very much,Quite a bit,Quite a bit,Very much,Some,Very much,Very much,Very much,Very much,Quite a bit,Quite a bit,Very Likely,Somewhat Prepared,I would love to see it because they help with making learning fun and better for all. It makes me stay focused in class too.,4,4,4,Have it open on other browsers as well,Maybe the loading screens they tend to bug out a little
89,1980-01-01 00:00:00,1,en,1214392137,Very little (less than 3 hours a week),A balanced mix of the above course types,Often,Often,Very often,Very often,Very much,Quite a bit,Quite a bit,Some,Some,Very much,Very much,Quite a bit,Quite a bit,Very much,Some,Very little,Somewhat Likely,Very prepared,"Yes, I would love to see that. In many of my science courses I believe that having an applied tool like a game would help me to understand and enjoy concepts more.",4,5,4,The cuts were a little too long on my opinion.,
90,1980-01-01 00:00:00,1,en,2058106384,Quite a bit (between 10-20 hours per week),A balanced mix of the above course types,Sometimes,Sometimes,Sometimes,Sometimes,Quite a bit,Quite a bit,Some,Some,Some,Some,Quite a bit,Some,Quite a bit,Quite a bit,Quite a bit,Quite a bit,Somewhat Likely,Not very prepared,Yes as long as important information is still present in written form.,3,4,4,Maybe a retry button at the end of a winning game,
91,1980-01-01 00:00:00,1,en,791364305,Very little (less than 3 hours a week),A balanced mix of the above course types,Very often,Often,Very often,Very often,Very much,Very much,Quite a bit,Quite a bit,Very much,Very much,Very much,Quite a bit,Very much,Very much,Quite a bit,Quite a bit,Somewhat Likely,Very prepared,I think this game-based learning would make me remember the concepts better and truthfully makes the concepts (and class/lectures) more interesting to attend.,3,3,5,,"I just found it a bit difficult to drag the cursor to aim and shoot the enzymes, the dashed-white lines should appear more often."
92,1980-01-01 00:00:00,1,en,513356285,I don't play video games,Mostly hybrid or blended courses that combine in-person and remote instruction,Sometimes,Sometimes,Often,Often,Quite a bit,Very much,Quite a bit,Quite a bit,Very much,Very much,Very much,Very much,Quite a bit,Very much,Very much,Very much,Somewhat Likely,Somewhat Prepared,I would like more game-based learning approaches being utilized in the classroom because it helps with remembering concepts and processes in biology.,5,4,5,,
93,1980-01-01 00:00:00,1,en,1201478083,I don't play video games,A balanced mix of the above course types,Never,Sometimes,Often,Often,Very much,Quite a bit,Quite a bit,Quite a bit,Some,Some,Quite a bit,Some,Some,Some,Quite a bit,Some,Not Very Likely,Not prepared at all,"I think it is definitely a good way to learn content, but I would still like to also have lecture slides available rather than notes within the game. I would like to see hybrid lectures but would not prefer to rely solely on the game for my learning.",4,4,5,,
94,1980-01-01 00:00:00,1,en,1154370371,Very little (less than 3 hours a week),Mostly hybrid or blended courses that combine in-person and remote instruction,Often,Sometimes,Often,Often,Quite a bit,Quite a bit,Quite a bit,Quite a bit,Some,Some,Some,Some,Quite a bit,Quite a bit,Quite a bit,Quite a bit,Somewhat Likely,Somewhat Prepared,"Yes, actually doing something related to the content makes it easier to understand and recall later",4,4,5,,
95,1980-01-01 00:00:00,1,en,1473506729,Very much (greater than 20 hours per week),Mostly in-person courses,Often,Often,Sometimes,Very often,Quite a bit,Very much,Quite a bit,Quite a bit,Very much,Very much,Very much,Very much,Quite a bit,Quite a bit,Very much,Very much,Somewhat Likely,Somewhat Prepared,"I would love to see it! I love video games, though I'm not so good at PC gaming yet, and I find that making the learning more hands on helps me to really understand concepts thoroughly.",4,3,4,I've played enough games to be able to intuitively pull back and shoot but I didn't notice that you could pull back harder for a bit. Maybe emphasize that?,"level 3 actually crashed for me, but thats not really a bug"
96,1980-01-01 00:00:00,1,en,2029682139,I don't play video games,Mostly in-person courses,Never,Sometimes,Often,Often,Very much,Quite a bit,Very much,Some,Quite a bit,Very much,Quite a bit,Very much,Quite a bit,Very much,Very much,Very much,Not Very Likely,Not very prepared,Yes. It is fun and helps consolidate information,4,3,3,I had trouble shooting and controlling my target,
97,1980-01-01 00:00:00,1,en,2144354528,I don't play video games,Mostly hybrid or blended courses that combine in-person and remote instruction,Very often,Sometimes,Very often,Very often,Very much,Some,Quite a bit,Very much,Very much,Quite a bit,Very much,Quite a bit,Very much,Very much,Very much,Quite a bit,Very Likely,Somewhat Prepared,"Yes, I think that games are a great way to combine material with a fun, interactive way of learning",5,5,5,It's very accessible,N/A
98,1980-01-01 00:00:00,1,en,985377517,I don't play video games,Mostly hybrid or blended courses that combine in-person and remote instruction,Often,Very often,Very often,Very often,Very much,Quite a bit,Quite a bit,Some,Very much,Very much,Very much,Very much,Very much,Very much,Very much,Very much,Somewhat Likely,Somewhat Prepared,"Yes, because the game uses active recall and real time application, which I find very helpful.",5,4,5,,
99,1980-01-01 00:00:00,1,en,886732218,I don't play video games,Mostly hybrid or blended courses that combine in-person and remote instruction,Often,Sometimes,Often,Very often,Very much,Quite a bit,Quite a bit,Some,Quite a bit,Quite a bit,Quite a bit,Quite a bit,Some,Some,Very little,Some,Not Very Likely,Somewhat Prepared,"Yes, you would have to apply throughout the game leading you to learn the content.",4,4,,,Some freezing accord during the explanation part of each level.
100,1980-01-01 00:00:00,1,en,306066447,I don't play video games,Mostly hybrid or blended courses that combine in-person and remote instruction,Often,Often,Often,Often,Very much,Quite a bit,Quite a bit,Some,Some,Some,Quite a bit,Some,Some,Quite a bit,Quite a bit,Some,Not Very Likely,Somewhat Prepared,"Going forward, it would be nice to see more game-based approaches to be able to visualize some of the harder concepts. I enjoy how it was presented today, as there was theory and then accompanying game playing.",4,4,5,The game was accessible.,No bugs
101,1980-01-01 00:00:00,1,en,1066566499,I don't play video games,Mostly hybrid or blended courses that combine in-person and remote instruction,Sometimes,Often,Often,Often,Very much,Very much,Very much,Very much,Quite a bit,Very much,Very much,Very much,Very much,Quite a bit,Very much,Very much,Somewhat Likely,Very prepared,Yes I would . I would find it useful for even conceptual topics. For example a 5 minute game to understand how mitosis works etc.,5,5,5,Very accessible. Maybe less cut outs when repeating levels,N/A
102,1980-01-01 00:00:00,1,en,564145547,I don't play video games,Mostly hybrid or blended courses that combine in-person and remote instruction,Sometimes,Sometimes,Very often,Often,Quite a bit,Very much,Quite a bit,Some,Quite a bit,Some,Very much,Very much,Very much,Very much,Quite a bit,Very much,Very Likely,Very prepared,Yes! I found the game very engaging and am definitely going to explore its features on my own time- just because it seems so fun!,4,5,4,,None! My computer was just a bit slow so it was lagging a bit but the game itself is great :)) Very impressive
103,1980-01-01 00:00:00,1,en,1239220832,I don't play video games,A balanced mix of the above course types,Sometimes,Sometimes,Sometimes,Sometimes,Very much,Some,Some,Some,Some,Some,Some,Some,Very little,Some,Some,Some,Not Very Likely,Not very prepared,Not really. I am not very interested in games.,3,3,4,,
104,1980-01-01 00:00:00,1,en,101994451,Quite a bit (between 10-20 hours per week),"Mostly remote courses (online, web-based, Zoom, etc)",Often,Sometimes,Often,Very often,Quite a bit,Some,Quite a bit,Quite a bit,Very much,Very much,Very much,Quite a bit,Very much,Very much,Very much,Very much,Very Likely,Very prepared,"Yes, this is a very good initiative!",5,3,5,,
105,1980-01-01 00:00:00,1,en,800081676,Some (between 3-10 hours per week),Mostly hybrid or blended courses that combine in-person and remote instruction,Very often,Often,Very often,Very often,Quite a bit,Very much,Very much,Quite a bit,Quite a bit,Very much,Very much,Quite a bit,Very much,Very much,Quite a bit,Quite a bit,Very Likely,Very prepared,"yes - cystic fibrosis, jacob's disease, etc...",5,5,5,,
106,1980-01-01 00:00:00,1,en,1582391978,I don't play video games,Mostly hybrid or blended courses that combine in-person and remote instruction,Sometimes,Never,Sometimes,Sometimes,Quite a bit,Some,Quite a bit,Quite a bit,Some,Some,Some,Some,Quite a bit,Quite a bit,Quite a bit,Quite a bit,Not Likely at All,Very prepared,"Yes! I found it much easier to remember the concepts through the video game. I think the video game idea is a great idea because it does not feel like ""studying"" yet you are still learning the  material required.",4,4,5,,I did not notice any bugs.
107,1980-01-01 00:00:00,1,en,1200203864,I don't play video games,A balanced mix of the above course types,Sometimes,Sometimes,Sometimes,Often,Quite a bit,Very much,Quite a bit,Quite a bit,Quite a bit,Quite a bit,Quite a bit,Some,Quite a bit,Very much,Very much,Very much,Somewhat Likely,Somewhat Prepared,"Yes! This game based approach was very motivating, it made me want to learn the material and apply it. It made me want to go back with a fresh, deeper understanding each time.",4,4,5,Maybe some more brief instructions on things like how to aim,
108,1980-01-01 00:00:00,1,en,1906666578,I don't play video games,Mostly hybrid or blended courses that combine in-person and remote instruction,Sometimes,Often,Often,Often,Some,Very much,Quite a bit,Quite a bit,Some,Some,Very much,Some,Very little,Some,Very much,Very much,Not Likely at All,Somewhat Prepared,yes,,,5,,
109,1980-01-01 00:00:00,1,en,883396512,I don't play video games,Mostly hybrid or blended courses that combine in-person and remote instruction,Often,Often,Often,Often,Very much,Very much,Quite a bit,Quite a bit,Quite a bit,Quite a bit,Very much,Quite a bit,Very much,Very much,Very much,Very much,Somewhat Likely,Somewhat Prepared,Yes. The game-based and hands-on learning enables me to be more interested and focused when learning.,4,4,5,,It paused sometimes when shooting
110,1980-01-01 00:00:00,1,en,797727375,Very little (less than 3 hours a week),Mostly hybrid or blended courses that combine in-person and remote instruction,Often,Often,Often,Often,Quite a bit,Quite a bit,Quite a bit,Quite a bit,Some,Quite a bit,Quite a bit,Quite a bit,Some,Some,Some,Quite a bit,Somewhat Likely,Somewhat Prepared,"Yes, I think that the incorporation of games in learning is a good way to help students visualize learned information. By playing games like Cells at War, students are able to better understand the mechanisms behind specific cellular processes, and how these processes may be affected by disease.",5,5,5,N/A,N/A
111,1980-01-01 00:00:00,1,en,1462409737,I don't play video games,Mostly hybrid or blended courses that combine in-person and remote instruction,Often,Often,Often,Often,Quite a bit,Quite a bit,Quite a bit,Quite a bit,Quite a bit,Quite a bit,Quite a bit,Quite a bit,Very much,Very much,Very much,Very much,Somewhat Likely,Somewhat Prepared,I think it would be great to have more hands on learning including video games when trying to grasp material in a course. It helps retain the info better.,4,4,5,It would be nice if there was a back button when you click the people.,
112,1980-01-01 00:00:00,1,en,902529340,Very little (less than 3 hours a week),Mostly in-person courses,Often,Often,Very often,Very often,Very much,Quite a bit,Quite a bit,Very much,Very much,Very much,Very much,Very much,Quite a bit,Very much,Very much,Quite a bit,Very Likely,Somewhat Prepared,Yes! I find playing video game help me understand what is going on instead of reading off words on a slideshow. It helps to see the interactions between different enzymes and molecules and understand why and how the process works. In this case I understood better how Pompe disease works rather than sickle cell anemia.,4,4,5,A leaderboard idea is fun!,
113,1980-01-01 00:00:00,1,en,916458352,I don't play video games,Mostly hybrid or blended courses that combine in-person and remote instruction,Often,Very often,Often,Sometimes,Quite a bit,Very much,Quite a bit,Very little,Quite a bit,Very much,Very much,Very much,Very much,Very much,Very much,Quite a bit,Somewhat Likely,Somewhat Prepared,,1,2,5,,"Not a bug, but during cut scenes it was time consuming to sit and click ""next"" without any indication to do so. The cut scenes were also quite laggy but no real bugs."
114,1980-01-01 00:00:00,1,en,2027937725,Very little (less than 3 hours a week),A balanced mix of the above course types,Sometimes,Sometimes,Sometimes,Often,Very much,Quite a bit,Some,Some,Some,Some,Very little,Some,Quite a bit,Some,Quite a bit,Quite a bit,Somewhat Likely,Somewhat Prepared,,4,4,5,,n/a
115,1980-01-01 00:00:00,1,en,1892939758,I don't play video games,Mostly hybrid or blended courses that combine in-person and remote instruction,Sometimes,Often,Sometimes,Often,Some,Quite a bit,Quite a bit,Some,Some,Very much,Some,Some,Some,Quite a bit,Some,Some,Not Very Likely,Somewhat Prepared,"I personally like learning using lectures as I find them to be easier for me to understand the real-world connection. However, I think the game-based learning would be good as an extra resource for students to learn more.",4,4,4,"I think it would be easier to play with a mouse, but other than that it's pretty good. And this isn't a accessibility comment, but I would love to see a female character as well!",
116,1980-01-01 00:00:00,1,en,1726749321,Very little (less than 3 hours a week),Mostly hybrid or blended courses that combine in-person and remote instruction,Sometimes,Often,Often,Often,Quite a bit,Quite a bit,Some,Some,Quite a bit,Quite a bit,Some,Some,Quite a bit,Quite a bit,Some,Very much,Somewhat Likely,Somewhat Prepared,"Yes, it's a creative way to help visualize what goes on in a diseased cell vs regular, and how the disease effects cell function",4,3,4,,"the syringe glitched for me once, and then it was fine after reloading"
117,1980-01-01 00:00:00,1,en,32854778,I don't play video games,A balanced mix of the above course types,Never,Sometimes,Never,,Quite a bit,Some,Quite a bit,Some,Some,Very much,Very much,Very much,Very much,Very much,Very much,Very much,Somewhat Likely,Somewhat Prepared,"Yes, makes learning more fun, more interactive than sitting through an hour of talking",3,5,4,,"I spent most of the time trying to get past the intro, wouldnt let me move past it"
118,1980-01-01 00:00:00,1,en,991360150,Very little (less than 3 hours a week),Mostly hybrid or blended courses that combine in-person and remote instruction,Sometimes,Often,Often,Often,Very much,Quite a bit,Quite a bit,Quite a bit,Quite a bit,Quite a bit,Quite a bit,Some,Some,Quite a bit,Quite a bit,Quite a bit,Somewhat Likely,Somewhat Prepared,yes some classes can have games but some need lessons,4,5,5,very good and easy to play,none
119,1980-01-01 00:00:00,1,en,1762860727,I don't play video games,A balanced mix of the above course types,Often,Sometimes,Sometimes,Often,Some,Some,Quite a bit,Quite a bit,Some,Quite a bit,Quite a bit,Quite a bit,Quite a bit,Quite a bit,Quite a bit,Quite a bit,Somewhat Likely,Not very prepared,"Yes, but not all the applied lectures, maybe 1 per theme?",3,3,3,,
120,1980-01-01 00:00:00,1,en,613844481,I don't play video games,Mostly in-person courses,Sometimes,Sometimes,Often,Often,Very much,Very much,Very much,Quite a bit,Some,Quite a bit,Quite a bit,Quite a bit,Quite a bit,Very much,Quite a bit,Quite a bit,Somewhat Likely,Not very prepared,Yeah I would like to have these type of interactive games in a classroom since it will help me visualize the real-life applications,4,4,4,I think this game is very easy to navigate,
121,1980-01-01 00:00:00,1,en,907436747,Very little (less than 3 hours a week),Mostly hybrid or blended courses that combine in-person and remote instruction,Sometimes,Sometimes,,,Very much,Quite a bit,Quite a bit,Some,Quite a bit,Some,Very much,Quite a bit,Some,Quite a bit,Quite a bit,Some,Not Likely at All,Somewhat Prepared,"yes, it would be beneficial and easier to learn concepts if there was a game based activity",3,3,4,,
122,1980-01-01 00:00:00,1,en,1113752640,Very little (less than 3 hours a week),A balanced mix of the above course types,Very often,Sometimes,Sometimes,Very often,Quite a bit,Quite a bit,Quite a bit,Some,Quite a bit,Quite a bit,Very much,Quite a bit,Quite a bit,Some,Quite a bit,Quite a bit,Not Very Likely,Somewhat Prepared,I like both. Copying notes in a traditional lecture is how i learn best.,4,4,5,,Lighting issues
123,1980-01-01 00:00:00,1,en,794403895,I don't play video games,Mostly hybrid or blended courses that combine in-person and remote instruction,Sometimes,Often,Never,Often,Very much,Very much,Very much,Very much,Very much,Very much,Very much,Very much,Very much,Very much,Very much,Very much,Somewhat Likely,Very prepared,"Yes, I feel like applying my learning when playing games makes it an overall better learning experience. Games are fun so when combing fun with learning I think it is a win-win situation.",3,3,5,,
124,1980-01-01 00:00:00,1,en,242123732,I don't play video games,A balanced mix of the above course types,Sometimes,Sometimes,Often,Often,Some,Quite a bit,Very much,Quite a bit,Quite a bit,Quite a bit,Quite a bit,Very much,Very little,Quite a bit,Quite a bit,Quite a bit,Somewhat Likely,Somewhat Prepared,"Yes, it is a lot easier to learn with games.",3,4,3,,
125,1980-01-01 00:00:00,1,en,651705132,Some (between 3-10 hours per week),Mostly hybrid or blended courses that combine in-person and remote instruction,Often,Sometimes,Often,Very often,Quite a bit,Quite a bit,Very little,Some,Quite a bit,Some,Very much,Quite a bit,Some,Quite a bit,Quite a bit,Quite a bit,Somewhat Likely,Very prepared,"Yes, absolutely! Having more interactive material in the course would be very helpful in learning mechanics, especially since it puts a moving visual to concepts that we've discussed.",2,4,4,"From a learning perspective, the game was fine. I had a lot of trouble clicking inside the hitboxes though-- maybe it could be more accessible to trackpad users? Missing the hitbox and then accidentally dragging the camera around made the gameplay a bit more difficult. Other than that, great game :D","No major bugs! The cards in the expert deck went to a different spot than where they started when picked up, but this didn't repeat itself on Alex's screen, so that might just be my laptop being wonky with the formatting."
126,,,en,690880820,,,,,,,,,,,,,,,,,,,,,,,,,,
127,1980-01-01 00:00:00,1,en,1305731343,Very little (less than 3 hours a week),A balanced mix of the above course types,Sometimes,Often,Often,Often,Very much,Quite a bit,Quite a bit,Quite a bit,Quite a bit,Quite a bit,Some,Very much,Very much,Some,Quite a bit,Very much,,Somewhat Prepared,"yes, it is a fun way to apply the learned knowledge, makes you think",4,4,5,its pretty good,
128,1980-01-01 00:00:00,1,en,392040271,I don't play video games,Mostly hybrid or blended courses that combine in-person and remote instruction,Often,Sometimes,Sometimes,Sometimes,Some,Very much,Very much,Quite a bit,Very little,Very little,Very little,Very little,Very little,Very little,Very little,Very little,Not Likely at All,Not prepared at all,No I do not enjoy video games,2,2,3,,
129,1980-01-01 00:00:00,1,en,388282698,I don't play video games,Mostly hybrid or blended courses that combine in-person and remote instruction,Often,Often,Very often,Very often,Quite a bit,Quite a bit,Quite a bit,Some,Quite a bit,Quite a bit,Very much,Very much,Quite a bit,Very much,Very much,Very much,Very Likely,Somewhat Prepared,"I would love to, game-based learning helped me understand this so much faster than i would have from slides, the simulation really helped and the additional interactive portion drilled the ideas into my head to the point that i'd feel comfortable being tested on this having taken no notes.",4,4,5,,no bugs but i think you guys should sell the little sad enzymes as stuffed animals in the campus store because i want one
130,,,en,36802745,,,,,,,,,,,,,,,,,,,,,,,,,,
131,,,en,296577613,,,,,,,,,,,,,,,,,,,,,,,,,,
132,1980-01-01 00:00:00,1,en,529794283,Some (between 3-10 hours per week),Mostly in-person courses,Often,Often,Often,Often,Quite a bit,Some,Quite a bit,Some,Quite a bit,Some,Quite a bit,Some,Quite a bit,Quite a bit,Quite a bit,Quite a bit,Somewhat Likely,Somewhat Prepared,"Yes I think so, I find this way of teaching new and is sometimes better than just taking notes.",3,4,3,,
133,,,en,393003201,,,,,,,,,,,,,,,,,,,,,,,,,,
134,1980-01-01 00:00:00,1,en,1095171141,Some (between 3-10 hours per week),Mostly hybrid or blended courses that combine in-person and remote instruction,Very often,Sometimes,Often,Often,Quite a bit,Quite a bit,Some,Some,Some,Very little,Quite a bit,Quite a bit,Very little,Quite a bit,Quite a bit,Some,Not Very Likely,Somewhat Prepared,"yes, it was fun",4,3,5,"get rid of the animation every-time you reset the level,",animation after every reset
135,,,en,1910914888,,,,,,,,,,,,,,,,,,,,,,,,,,
136,1980-01-01 00:00:00,1,en,679544159,I don't play video games,Mostly hybrid or blended courses that combine in-person and remote instruction,Often,Sometimes,Often,Often,Very much,Very much,Very much,Very much,Very much,Very much,Very much,Very much,Very much,Very much,Very much,Very much,Somewhat Likely,Very prepared,"Going forward, I would like to see more game-based learning approached because it makes the concepts easier to memorize and understand.",5,5,5,,
137,1980-01-01 00:00:00,1,en,2141788386,Very little (less than 3 hours a week),Mostly hybrid or blended courses that combine in-person and remote instruction,Often,Sometimes,Sometimes,Often,Quite a bit,Some,Some,Quite a bit,Some,Quite a bit,Quite a bit,Some,Some,Very little,Some,Very little,Somewhat Likely,Somewhat Prepared,"I think it's a good option supplementarily, but not necessarily as a replacement.",4,3,3,,
138,1980-01-01 00:00:00,1,en,1029451852,I don't play video games,A balanced mix of the above course types,Often,Often,Sometimes,Very often,Very much,Some,Some,Some,,,,,Quite a bit,Quite a bit,Quite a bit,Quite a bit,,Somewhat Prepared,"Yes, it helps with understanding",3,3,5,,Tried to start a level and it said game over
139,1980-01-01 00:00:00,1,en,165509865,Some (between 3-10 hours per week),Mostly hybrid or blended courses that combine in-person and remote instruction,Sometimes,Sometimes,Often,Often,Very much,Quite a bit,Quite a bit,Very much,Very much,Very much,Very much,Very much,Very much,Very much,Very much,Very much,Somewhat Likely,Somewhat Prepared,Yes,4,3,4,,
140,1980-01-01 00:00:00,1,en,1723956995,Very little (less than 3 hours a week),Mostly hybrid or blended courses that combine in-person and remote instruction,Often,Sometimes,Often,Sometimes,Quite a bit,Quite a bit,Some,Some,Quite a bit,Quite a bit,Very much,Very much,Very much,Very much,Quite a bit,Quite a bit,Somewhat Likely,Very prepared,"Yes, game based learning is very interactive and fun and helps me keep engaged in the content better.",4,4,5,,
141,1980-01-01 00:00:00,1,en,1031507248,Very little (less than 3 hours a week),A balanced mix of the above course types,Sometimes,Very often,Very often,Often,Quite a bit,Quite a bit,Quite a bit,Very much,Quite a bit,Some,Quite a bit,Some,Some,Very much,Very much,Very much,Somewhat Likely,Somewhat Prepared,"Yes, it demonstrates the concept much more comprehensively. Getting to mess around with the actual mechanism clarifies the work well.",5,4,5,Maybe an auditory component for colour-blind learners,"The lysosomes were stuck outside of the cell for a while, the boomerang thing holding the enzyme was just floating without one."
142,1980-01-01 00:00:00,1,en,554909194,Very little (less than 3 hours a week),Mostly hybrid or blended courses that combine in-person and remote instruction,Often,Sometimes,Sometimes,Often,Very much,Some,Some,Some,Very much,Quite a bit,Quite a bit,Some,Very much,Very much,Some,Quite a bit,Very Likely,Somewhat Prepared,"yes, the game was very helpful and made me feel more engaged with the class material, I think its a great way to teach applied lectures.",5,5,5,,"no bugs, there was a spelling mistake for the word lysosomes at the end though."
143,1980-01-01 00:00:00,1,en,1295183873,I don't play video games,Mostly in-person courses,Often,Often,Often,Very often,Very little,Quite a bit,Very much,Very much,Quite a bit,Quite a bit,Quite a bit,Quite a bit,Some,Quite a bit,Quite a bit,Quite a bit,Somewhat Likely,Not very prepared,I would like to see more game-based learning being utilized in the classroom because I believe that it is more beneficial when using a fun learning method and you are likely to retain and understand more information,4,5,5,,
144,1980-01-01 00:00:00,1,en,2028149666,I don't play video games,Mostly hybrid or blended courses that combine in-person and remote instruction,Often,Often,Very often,Often,Quite a bit,Quite a bit,Quite a bit,Quite a bit,Quite a bit,Some,Very much,Very much,Quite a bit,Very much,Very much,Quite a bit,Very Likely,Somewhat Prepared,,4,3,3,,
145,1980-01-01 00:00:00,1,en,454894429,I don't play video games,Mostly in-person courses,Very often,Sometimes,Very often,Often,Very much,Very much,Quite a bit,Quite a bit,Some,Quite a bit,Quite a bit,Quite a bit,Very much,Very much,Very much,Quite a bit,Somewhat Likely,Somewhat Prepared,Yes it was fun.,1,1,5,,
146,1980-01-01 00:00:00,1,en,1979256015,Very little (less than 3 hours a week),Mostly in-person courses,Sometimes,Sometimes,Often,Often,Very much,Very much,Some,Quite a bit,Some,Quite a bit,Quite a bit,Very much,Some,Very much,Very much,Very much,Not Very Likely,Somewhat Prepared,,4,3,4,evarrass,
147,,,en,1566913567,,,,,,,,,,,,,,,,,,,,,,,,,,
148,1980-01-01 00:00:00,1,en,1677966033,I don't play video games,Mostly in-person courses,Often,Sometimes,Sometimes,Sometimes,Some,Some,Some,Some,Some,,Some,Some,Very little,Very little,Very little,Some,Somewhat Likely,Somewhat Prepared,"No , because I think it makes it harder to concentrate in class",2,2,3,Ask more questions to students during class,N/A
149,1980-01-01 00:00:00,1,en,1378417665,Some (between 3-10 hours per week),"Mostly remote courses (online, web-based, Zoom, etc)",Very often,Very often,Often,Very often,Very much,Some,Quite a bit,Very much,Some,Very much,Quite a bit,Very much,Quite a bit,Very much,Quite a bit,Very much,Very Likely,Very prepared,"Yes, I would love more interactive approaches to learning. It makes it more exciting and less like a chore when doing a alternative teaching method like game-based learning.",4,5,5,,
150,1980-01-01 00:00:00,1,en,115673946,I don't play video games,,Often,Often,Often,Often,Quite a bit,Quite a bit,Quite a bit,Quite a bit,Quite a bit,Very much,Very much,Very much,Some,Quite a bit,Quite a bit,Quite a bit,Somewhat Likely,Somewhat Prepared,,5,5,5,,
151,1980-01-01 00:00:00,1,en,96320983,I don't play video games,Mostly hybrid or blended courses that combine in-person and remote instruction,Often,Sometimes,Sometimes,Sometimes,Some,Some,Some,Some,Very little,Very little,Very little,Very little,Very little,Very little,Very little,Very little,Not Very Likely,Somewhat Prepared,"No, while it was fun I prefer traditional methods",5,5,4,Stop the cutscene before every round,Stop the cutscene before every round
152,1980-01-01 00:00:00,1,en,819620393,Some (between 3-10 hours per week),A balanced mix of the above course types,Sometimes,Sometimes,Very often,Often,Very much,Quite a bit,Quite a bit,Quite a bit,Quite a bit,Quite a bit,Quite a bit,Quite a bit,Some,Some,Quite a bit,Quite a bit,Somewhat Likely,Somewhat Prepared,i would like to see more games. it is engaging and makes you want to come to class because it’s fun!,,,5,it,
153,1980-01-01 00:00:00,1,en,3693332,Very much (greater than 20 hours per week),Mostly hybrid or blended courses that combine in-person and remote instruction,Often,Often,Often,Often,Quite a bit,Some,Quite a bit,Very much,Very much,Quite a bit,Very much,Very much,Quite a bit,Very much,Quite a bit,Quite a bit,Not Very Likely,Somewhat Prepared,"Yes, I think it helps to have a unique application when learning",5,5,4,N/A,N/A
154,1980-01-01 00:00:00,1,en,2113677598,I don't play video games,Mostly hybrid or blended courses that combine in-person and remote instruction,Often,Sometimes,Often,Sometimes,Some,Quite a bit,Some,Quite a bit,Quite a bit,Some,Quite a bit,Some,Some,Quite a bit,Some,Quite a bit,Very Likely,Somewhat Prepared,I really enjoyed game-based learning and would like more of it!!!,5,5,5,,n/a
155,1980-01-01 00:00:00,1,en,496993460,Very little (less than 3 hours a week),Mostly hybrid or blended courses that combine in-person and remote instruction,Very often,Often,Often,Often,Very much,Very much,Quite a bit,Quite a bit,Very much,,Quite a bit,Quite a bit,Quite a bit,Very much,Very much,Very much,Somewhat Likely,Somewhat Prepared,"Yes, it is very interactive and fun!",3,3,4,easily playable,
156,,,en,1649551032,,,,,,,,,,,,,,,,,,,,,,,,,,
157,,,en,1972282725,,,,,,,,,,,,,,,,,,,,,,,,,,
158,1980-01-01 00:00:00,1,en,89660216,Some (between 3-10 hours per week),"Mostly remote courses (online, web-based, Zoom, etc)",Very often,Often,Often,Sometimes,Very much,Very much,Very much,Very much,Very much,Quite a bit,Quite a bit,Some,Very much,Very much,Some,Quite a bit,Not Very Likely,Not prepared at all,I really enjoyed the game however I do not feel as if I absorbed any of the information so I would prefer the regular way of teaching.,5,5,5,,None
159,1980-01-01 00:00:00,1,en,447077172,Very little (less than 3 hours a week),Mostly in-person courses,Very often,Often,Very often,Often,Very much,Quite a bit,Very much,Very much,Very much,Quite a bit,Very much,Very much,Quite a bit,Very much,Very much,Very much,Very Likely,Somewhat Prepared,Yes! I understood everuthing,5,4,5,,
160,1980-01-01 00:00:00,1,en,272806382,Very little (less than 3 hours a week),Mostly hybrid or blended courses that combine in-person and remote instruction,Sometimes,Often,Often,Sometimes,Quite a bit,Very much,Quite a bit,Quite a bit,Quite a bit,Quite a bit,Quite a bit,Quite a bit,Quite a bit,Quite a bit,Quite a bit,Quite a bit,Not Very Likely,Somewhat Prepared,,4,3,4,,I experienced bugs such as double clicking the enzyme to target the molecules. the cut scene was also a bit laggy. I think it would be helpful for the cutscenes to have an optional skip button.
161,,,en,204779101,,,,,,,,,,,,,,,,,,,,,,,,,,
162,1980-01-01 00:00:00,1,en,1886977187,Very little (less than 3 hours a week),Mostly in-person courses,Often,Sometimes,Often,Often,Very much,Quite a bit,Quite a bit,Very little,Quite a bit,Some,Quite a bit,Quite a bit,Quite a bit,Quite a bit,Some,Quite a bit,Somewhat Likely,Somewhat Prepared,"I would still like slides, helping it reinforce. Game should be primary mode of teaching!!",4,4,5,,AMAZING GAME!!! VERY INTERACTIVE!! I LOVE IT.
163,,,en,853679262,,,,,,,,,,,,,,,,,,,,,,,,,,
164,1980-01-01 00:00:00,1,en,733836055,Some (between 3-10 hours per week),Mostly hybrid or blended courses that combine in-person and remote instruction,,,Sometimes,,Some,Some,Some,Some,Some,Some,Some,Some,Some,Some,Some,Some,Not Very Likely,Not very prepared,yes,5,5,2,n/a,n/a
165,1980-01-01 00:00:00,1,en,1482524156,Some (between 3-10 hours per week),Mostly hybrid or blended courses that combine in-person and remote instruction,Sometimes,Sometimes,Sometimes,,,Some,,,,Some,,,,Some,,,Somewhat Likely,Not very prepared,,4,4,4,,
166,,,en,719265305,,,,,,,,,,,,,,,,,,,,,,,,,,
167,,,en,336872551,,,,,,,,,,,,,,,,,,,,,,,,,,
168,1980-01-01 00:00:00,1,en,661478386,I don't play video games,Mostly hybrid or blended courses that combine in-person and remote instruction,Often,Often,Very often,Very often,Quite a bit,Very much,Very much,Very much,Very much,Very much,Very much,Very much,Very much,Very much,Very much,Very much,Very Likely,Very prepared,I would love to,4,4,5,,sell the enzymes in the campus store i want one as plushies
169,1980-01-01 00:00:00,1,en,1888297407,Very little (less than 3 hours a week),Mostly hybrid or blended courses that combine in-person and remote instruction,Sometimes,Often,Often,Often,Quite a bit,Quite a bit,Quite a bit,Quite a bit,Some,Quite a bit,Quite a bit,Quite a bit,Some,Quite a bit,Quite a bit,Quite a bit,Somewhat Likely,Very prepared,,5,5,5,,
170,1980-01-01 00:00:00,1,en,2147194752,Very much (greater than 20 hours per week),Mostly in-person courses,Very often,Often,Often,Often,Very much,Very much,Quite a bit,Quite a bit,Very much,Very much,Very much,Very much,Very much,Very much,Quite a bit,Quite a bit,Very Likely,Very prepared,yes,4,3,4,pull back harder,level 3 crashed for me
171,,,en,98886777,,,,,,,,,,,,,,,,,,,,,,,,,,
172,1980-01-01 00:00:00,1,en,244902235,I don't play video games,A balanced mix of the above course types,Sometimes,Sometimes,Sometimes,Sometimes,Very little,Very little,Very little,Very little,Very little,Very little,Very little,Very little,,,,,Not Likely at All,Not prepared at all,,,,,,
173,,,en,1286297782,,,,,,,,,,,,,,,,,,,,,,,,,,
174,,,en,1660759897,,,,,,,,,,,,,,,,,,,,,,,,,,
175,1980-01-01 00:00:00,1,en,966776108,,,,,,,,,,,,,,,,,,,,,,,,,,